borough,consumption_gal,current_charges
Bronx,12156.924903225807,17334.702756823823
Brooklyn,7342.890914986854,15092.01771954426
Fha,322.3581081081081,445.01770270270265
Manhattan,6802.281793006993,13202.994111888112
Queens,15939.73837357052,47052.172909783985
Staten Island,444.14792122538296,623.616455142232
