season,consumption_gal,current_charges,temperature_c,cold_index
Fall,577558.633030303,1069388.7827272727,14.164025877050072,4.663549880525687
Spring,1010283.0866666666,1820613.3208333333,10.781755899044207,7.233017846475509
Summer,311211.82428571425,582294.248,23.692749743983615,0.0
Winter,1767241.5288235294,3438954.7864705883,0.9231398663469838,17.076860133653014
